<categories>
  <category name="Fashion">
    <products-count>45</products-count>
    <average-price>75049.844444</average-price>
    <total-revenue>3377243.00</total-revenue>
  </category>
  <category name="Garden">
    <products-count>46</products-count>
    <average-price>72780.847826</average-price>
    <total-revenue>3347919.00</total-revenue>
  </category>
  <category name="Drugs">
    <products-count>47</products-count>
    <average-price>73840.000000</average-price>
    <total-revenue>3470480.00</total-revenue>
  </category>
  <category name="Weapons">
    <products-count>50</products-count>
    <average-price>71510.880000</average-price>
    <total-revenue>3575544.00</total-revenue>
  </category>
  <category name="Autoparts">
    <products-count>53</products-count>
    <average-price>73568.113207</average-price>
    <total-revenue>3899110.00</total-revenue>
  </category>
  <category name="Sports">
    <products-count>56</products-count>
    <average-price>69027.321428</average-price>
    <total-revenue>3865530.00</total-revenue>
  </category>
  <category name="Adult">
    <products-count>57</products-count>
    <average-price>63792.543859</average-price>
    <total-revenue>3636175.00</total-revenue>
  </category>
  <category name="Electronics">
    <products-count>57</products-count>
    <average-price>84608.052631</average-price>
    <total-revenue>4822659.00</total-revenue>
  </category>
  <category name="Other">
    <products-count>61</products-count>
    <average-price>70685.016393</average-price>
    <total-revenue>4311786.00</total-revenue>
  </category>
  <category name="Business">
    <products-count>63</products-count>
    <average-price>72137.714285</average-price>
    <total-revenue>4544676.00</total-revenue>
  </category>
  <category name="For Children">
    <products-count>65</products-count>
    <average-price>88495.384615</average-price>
    <total-revenue>5752200.00</total-revenue>
  </category>
</categories>