<users>
  <user first-name="Gloria" last-name="Alexander">
    <sold-products>
      <product>
        <name>Glipizide and Metformin Hydrochloride</name>
        <prise>9536.00</prise>
      </product>
      <product>
        <name>Topex</name>
        <prise>125849.00</prise>
      </product>
    </sold-products>
  </user>
  <user first-name="Fred" last-name="Allen">
    <sold-products>
      <product>
        <name>Treatment Set TS336667</name>
        <prise>146647.00</prise>
      </product>
      <product>
        <name>Metoprolol Tartrate</name>
        <prise>140574.00</prise>
      </product>
      <product>
        <name>up and up temporary minor arthritis pain relief</name>
        <prise>108578.00</prise>
      </product>
      <product>
        <name>Etomidate</name>
        <prise>39394.00</prise>
      </product>
      <product>
        <name>LV-FX</name>
        <prise>82087.00</prise>
      </product>
      <product>
        <name>ORCHID SECRET PACT</name>
        <prise>5953.00</prise>
      </product>
    </sold-products>
  </user>
  <user first-name="Fred" last-name="Barnes">
    <sold-products>
      <product>
        <name>Growing Pains</name>
        <prise>107737.00</prise>
      </product>
      <product>
        <name>ISOPROPYL ALCOHOL</name>
        <prise>33948.00</prise>
      </product>
      <product>
        <name>Glyburide</name>
        <prise>951.00</prise>
      </product>
      <product>
        <name>LBEL Couleur Luxe Rouge Amplifier XP amplifying SPF 15</name>
        <prise>106943.00</prise>
      </product>
    </sold-products>
  </user>
  <user first-name="Anna" last-name="Clark">
    <sold-products>
      <product>
        <name>MEDI-FIRST Non-Aspirin</name>
        <prise>130128.00</prise>
      </product>
    </sold-products>
  </user>
  <user first-name="Doris" last-name="Cook">
    <sold-products>
      <product>
        <name>Archangelica Eucalyptus</name>
        <prise>133491.00</prise>
      </product>
      <product>
        <name>SEPHORA Acne-Fighting Mattifying Moisturizer</name>
        <prise>101928.00</prise>
      </product>
      <product>
        <name>Zonisamide</name>
        <prise>130541.00</prise>
      </product>
      <product>
        <name>CVS Therapeutic Menthol Pain Reliever</name>
        <prise>103342.00</prise>
      </product>
      <product>
        <name>Ampicillin</name>
        <prise>67463.00</prise>
      </product>
    </sold-products>
  </user>
  <user first-name="Patricia" last-name="Cooper">
    <sold-products>
      <product>
        <name>Albuterol</name>
        <prise>10895.00</prise>
      </product>
      <product>
        <name>Flumazenil</name>
        <prise>115137.00</prise>
      </product>
      <product>
        <name>Fosphenytoin Sodium</name>
        <prise>133406.00</prise>
      </product>
    </sold-products>
  </user>
  <user first-name="Carl" last-name="Daniels">
    <sold-products>
      <product>
        <name>IOPE SUPER VITAL</name>
        <prise>82468.00</prise>
      </product>
      <product>
        <name>Dover Aminophen</name>
        <prise>19207.00</prise>
      </product>
      <product>
        <name>Budpak Hemorrhoid Anesthetic</name>
        <prise>149929.00</prise>
      </product>
    </sold-products>
  </user>
  <user first-name="Sarah" last-name="Day">
    <sold-products>
      <product>
        <name>MOIST MOISTURE SKIN TONER</name>
        <prise>15243.00</prise>
      </product>
      <product>
        <name>TYLENOL COLD MULTI-SYMPTOM DAYTIME</name>
        <prise>101081.00</prise>
      </product>
    </sold-products>
  </user>
  <user first-name="Clarence" last-name="Fowler">
    <sold-products>
      <product>
        <name>Fair Foundation SPF 15</name>
        <prise>139424.00</prise>
      </product>
      <product>
        <name>Nighttime Sleep Aid</name>
        <prise>121711.00</prise>
      </product>
      <product>
        <name>REYATAZ</name>
        <prise>4197.00</prise>
      </product>
      <product>
        <name>PredniSONE</name>
        <prise>28643.00</prise>
      </product>
    </sold-products>
  </user>
  <user first-name="Bonnie" last-name="Fox">
    <sold-products>
      <product>
        <name>Cefadroxil</name>
        <prise>13022.00</prise>
      </product>
      <product>
        <name>Amitriptyline Hydrochloride</name>
        <prise>145396.00</prise>
      </product>
      <product>
        <name>Prednisone</name>
        <prise>55072.00</prise>
      </product>
    </sold-products>
  </user>
  <user first-name="Amanda" last-name="Frazier">
    <sold-products>
      <product>
        <name>Meloxicam</name>
        <prise>80918.00</prise>
      </product>
      <product>
        <name>Propranolol Hydrochloride</name>
        <prise>54695.00</prise>
      </product>
      <product>
        <name>Carbon Dioxide Oxygen Mixture</name>
        <prise>9549.00</prise>
      </product>
      <product>
        <name>Alcohol Free Antiseptic</name>
        <prise>148607.00</prise>
      </product>
      <product>
        <name>Megestrol Acetate</name>
        <prise>97615.00</prise>
      </product>
      <product>
        <name>Spironolactone</name>
        <prise>93369.00</prise>
      </product>
      <product>
        <name>BareMinerals Golden Tan matte</name>
        <prise>11093.00</prise>
      </product>
      <product>
        <name>Almond</name>
        <prise>36732.00</prise>
      </product>
      <product>
        <name>XANTHIUM STRUMARIUM VAR CANADENSE POLLEN</name>
        <prise>109138.00</prise>
      </product>
    </sold-products>
  </user>
  <user first-name="Brandon" last-name="Fuller">
    <sold-products>
      <product>
        <name>ropinirole hydrochloride</name>
        <prise>10358.00</prise>
      </product>
      <product>
        <name>IOPE RETIGEN MOISTURE TWIN CAKE NO.21</name>
        <prise>125771.00</prise>
      </product>
      <product>
        <name>Goats Milk</name>
        <prise>29853.00</prise>
      </product>
      <product>
        <name>Clearskin</name>
        <prise>96859.00</prise>
      </product>
    </sold-products>
  </user>
  <user first-name="Patricia" last-name="Fuller">
    <sold-products>
      <product>
        <name>Leg Cramp Relief</name>
        <prise>134569.00</prise>
      </product>
    </sold-products>
  </user>
  <user first-name="Kathy" last-name="Gilbert">
    <sold-products>
      <product>
        <name>Labetalol Hydrochloride</name>
        <prise>134511.00</prise>
      </product>
      <product>
        <name>Ondansetron</name>
        <prise>124976.00</prise>
      </product>
      <product>
        <name>Laser Block 100</name>
        <prise>113543.00</prise>
      </product>
      <product>
        <name>XtraCare Foam Antibacterial Hand Wash</name>
        <prise>125197.00</prise>
      </product>
      <product>
        <name>kirkland signature minoxidil</name>
        <prise>4917.00</prise>
      </product>
      <product>
        <name>CLARINS Ever Matte SPF 15 - 105 Nude</name>
        <prise>69606.00</prise>
      </product>
      <product>
        <name>NEO-POLY-BAC HYDRO</name>
        <prise>96732.00</prise>
      </product>
    </sold-products>
  </user>
  <user first-name="Christine" last-name="Gomez">
    <sold-products>
      <product>
        <name>Aquafresh</name>
        <prise>84993.00</prise>
      </product>
    </sold-products>
  </user>
  <user first-name="Nicole" last-name="Harris">
    <sold-products>
      <product>
        <name>AIR</name>
        <prise>58169.00</prise>
      </product>
      <product>
        <name>Pleo Ginkgo</name>
        <prise>61365.00</prise>
      </product>
      <product>
        <name>ANXIETY/STRESS RELIEF</name>
        <prise>32466.00</prise>
      </product>
      <product>
        <name>leader pain reliever</name>
        <prise>117979.00</prise>
      </product>
    </sold-products>
  </user>
  <user first-name="Wanda" last-name="Harris">
    <sold-products>
      <product>
        <name>Trihexyphenidyl Hydrochloride</name>
        <prise>6488.00</prise>
      </product>
      <product>
        <name>Agaricus Equisetum Special Order</name>
        <prise>58593.00</prise>
      </product>
      <product>
        <name>CD CAPTURE TOTALE Triple Correcting Serum Foundation Wrinkles-Dark Spots-Radiance with sunscreen Broad Spectrum SPF 25 010</name>
        <prise>7723.00</prise>
      </product>
      <product>
        <name>CEDAX</name>
        <prise>34286.00</prise>
      </product>
      <product>
        <name>Lorazepam</name>
        <prise>113496.00</prise>
      </product>
      <product>
        <name>Wintergreen Isopropyl Alcohol</name>
        <prise>139757.00</prise>
      </product>
    </sold-products>
  </user>
  <user first-name="Diana" last-name="Harvey">
    <sold-products>
      <product>
        <name>Strattera</name>
        <prise>65854.00</prise>
      </product>
      <product>
        <name>Buprenorphine hydrochloride</name>
        <prise>39105.00</prise>
      </product>
      <product>
        <name>MEDICATED DANDRUFF</name>
        <prise>135102.00</prise>
      </product>
    </sold-products>
  </user>
  <user first-name="Benjamin" last-name="Henry">
    <sold-products>
      <product>
        <name>EMEND</name>
        <prise>136551.00</prise>
      </product>
      <product>
        <name>Yellow Jacket hymenoptera venom Venomil Diagnostic</name>
        <prise>2358.00</prise>
      </product>
    </sold-products>
  </user>
  <user first-name="Jean" last-name="Henry">
    <sold-products>
      <product>
        <name>Triamterene and Hydrochlorothiazide</name>
        <prise>141659.00</prise>
      </product>
      <product>
        <name>Imipramine Hydrochloride</name>
        <prise>64869.00</prise>
      </product>
    </sold-products>
  </user>
  <user first-name="Paula" last-name="Hill">
    <sold-products>
      <product>
        <name>Extra Strength Pain Reliever PM</name>
        <prise>54272.00</prise>
      </product>
      <product>
        <name>Ibuprofen</name>
        <prise>130596.00</prise>
      </product>
      <product>
        <name>ziprasidone hydrochloride</name>
        <prise>62866.00</prise>
      </product>
      <product>
        <name>Retin-A MICRO</name>
        <prise>99598.00</prise>
      </product>
      <product>
        <name>RESCRIPTOR</name>
        <prise>85052.00</prise>
      </product>
    </sold-products>
  </user>
  <user first-name="Brenda" last-name="Howell">
    <sold-products>
      <product>
        <name>Diastat</name>
        <prise>61414.00</prise>
      </product>
      <product>
        <name>Fexofenadine HCl and Pseudoephedrine HCI</name>
        <prise>7307.00</prise>
      </product>
    </sold-products>
  </user>
  <user first-name="Rachel" last-name="Johnson">
    <sold-products>
      <product>
        <name>Aspen</name>
        <prise>104646.00</prise>
      </product>
      <product>
        <name>Butalbital, Aspirin and Caffeine</name>
        <prise>101098.00</prise>
      </product>
      <product>
        <name>H-Rosacea Formula</name>
        <prise>9974.00</prise>
      </product>
    </sold-products>
  </user>
  <user first-name="Patrick" last-name="King">
    <sold-products>
      <product>
        <name>Prednisone</name>
        <prise>128599.00</prise>
      </product>
      <product>
        <name>Pioglitazone</name>
        <prise>30656.00</prise>
      </product>
      <product>
        <name>allergy eye</name>
        <prise>42691.00</prise>
      </product>
      <product>
        <name>DAYWEAR PLUS MULTI PROTECTION TINTED MOISTURIZER</name>
        <prise>55512.00</prise>
      </product>
      <product>
        <name>Pleo Lat</name>
        <prise>72008.00</prise>
      </product>
      <product>
        <name>Dawn Ultra Antibacterial Hand</name>
        <prise>96986.00</prise>
      </product>
    </sold-products>
  </user>
  <user first-name="Betty" last-name="Lawson">
    <sold-products>
      <product>
        <name>Ranitidine</name>
        <prise>92664.00</prise>
      </product>
      <product>
        <name>Shopko Lip Treatment</name>
        <prise>86142.00</prise>
      </product>
    </sold-products>
  </user>
  <user first-name="Nicole" last-name="Martinez">
    <sold-products>
      <product>
        <name>Parsley</name>
        <prise>51906.00</prise>
      </product>
      <product>
        <name>Peter Island Continous sunscreen kids</name>
        <prise>4713.00</prise>
      </product>
      <product>
        <name>Topical 60 Sec Sodium Fluoride</name>
        <prise>122884.00</prise>
      </product>
      <product>
        <name>Alternaria alternata</name>
        <prise>6124.00</prise>
      </product>
    </sold-products>
  </user>
  <user first-name="Chris" last-name="Mitchell">
    <sold-products>
      <product>
        <name>Gehwol med Lipidro</name>
        <prise>42124.00</prise>
      </product>
    </sold-products>
  </user>
  <user first-name="Joshua" last-name="Murray">
    <sold-products>
      <product>
        <name>PAMO Kill Natural</name>
        <prise>118106.00</prise>
      </product>
      <product>
        <name>Myristica Argentum Sinus Relief</name>
        <prise>90452.00</prise>
      </product>
    </sold-products>
  </user>
  <user first-name="Anna" last-name="Parker">
    <sold-products>
      <product>
        <name>Warfarin Sodium</name>
        <prise>77005.00</prise>
      </product>
      <product>
        <name>TRAMADOL HYDROCHLORIDE</name>
        <prise>51648.00</prise>
      </product>
      <product>
        <name>Buprenorphine hydrochloride and naloxone hydrochloride dihydrate</name>
        <prise>29333.00</prise>
      </product>
    </sold-products>
  </user>
  <user first-name="Billy" last-name="Parker">
    <sold-products>
      <product>
        <name>Acid Reducer</name>
        <prise>144351.00</prise>
      </product>
      <product>
        <name>Air</name>
        <prise>33153.00</prise>
      </product>
      <product>
        <name>Leflunomide</name>
        <prise>31285.00</prise>
      </product>
    </sold-products>
  </user>
  <user first-name="Emily" last-name="Parker">
    <sold-products>
      <product>
        <name>Americaine</name>
        <prise>116575.00</prise>
      </product>
      <product>
        <name>Azithromycin</name>
        <prise>81387.00</prise>
      </product>
      <product>
        <name>ESIKA</name>
        <prise>87937.00</prise>
      </product>
      <product>
        <name>cough and sore throat</name>
        <prise>148268.00</prise>
      </product>
    </sold-products>
  </user>
  <user first-name="Christina" last-name="Patterson">
    <sold-products>
      <product>
        <name>Allopurinol</name>
        <prise>5185.00</prise>
      </product>
      <product>
        <name>SNORING HP</name>
        <prise>5359.00</prise>
      </product>
      <product>
        <name>Benazepril Hydrochloride and Hydrochlorothiazide</name>
        <prise>118727.00</prise>
      </product>
      <product>
        <name>Acetic Acid</name>
        <prise>106043.00</prise>
      </product>
      <product>
        <name>Moore Medical Sinus Pain and Pressure Relief</name>
        <prise>85539.00</prise>
      </product>
    </sold-products>
  </user>
  <user first-name="Jacqueline" last-name="Perez">
    <sold-products>
      <product>
        <name>DIPYRIDAMOLE</name>
        <prise>115067.00</prise>
      </product>
      <product>
        <name>Aspergillus repens</name>
        <prise>123142.00</prise>
      </product>
      <product>
        <name>No7 Protect and Perfect Foundation Sunscreen Broad Spectrum SPF 15 Cool Ivory</name>
        <prise>61619.00</prise>
      </product>
    </sold-products>
  </user>
  <user first-name="Arthur" last-name="Reynolds">
    <sold-products>
      <product>
        <name>ENBREL</name>
        <prise>67397.00</prise>
      </product>
      <product>
        <name>Aspirin</name>
        <prise>92545.00</prise>
      </product>
    </sold-products>
  </user>
  <user first-name="Jennifer" last-name="Riley">
    <sold-products>
      <product>
        <name>AVANDAMET</name>
        <prise>63208.00</prise>
      </product>
      <product>
        <name>Baza Antifungal</name>
        <prise>116234.00</prise>
      </product>
      <product>
        <name>Eszopiclone</name>
        <prise>40503.00</prise>
      </product>
    </sold-products>
  </user>
  <user first-name="Sandra" last-name="Riley">
    <sold-products>
      <product>
        <name>Perrigo Benzoyl Peroxide</name>
        <prise>87324.00</prise>
      </product>
      <product>
        <name>PLANTAGO LANCEOLATA POLLEN</name>
        <prise>56168.00</prise>
      </product>
      <product>
        <name>ROPINIROLE HYDROCHLORIDE</name>
        <prise>26644.00</prise>
      </product>
      <product>
        <name>Phenylephrine HCl</name>
        <prise>45989.00</prise>
      </product>
    </sold-products>
  </user>
  <user first-name="Jonathan" last-name="Rodriguez">
    <sold-products>
      <product>
        <name>Amitiza</name>
        <prise>66658.00</prise>
      </product>
      <product>
        <name>CARBIDOPA AND LEVODOPA</name>
        <prise>44164.00</prise>
      </product>
      <product>
        <name>VITALUMIERE AQUA</name>
        <prise>129309.00</prise>
      </product>
      <product>
        <name>GOONG SECRET CALMING BATH</name>
        <prise>74247.00</prise>
      </product>
      <product>
        <name>Enalapril Maleate</name>
        <prise>7271.00</prise>
      </product>
      <product>
        <name>Isosorbide Mononitrate</name>
        <prise>78991.00</prise>
      </product>
      <product>
        <name>Head and Shoulders Conditioner</name>
        <prise>109959.00</prise>
      </product>
      <product>
        <name>Acnezzol Base</name>
        <prise>7106.00</prise>
      </product>
    </sold-products>
  </user>
  <user first-name="Thomas" last-name="Snyder">
    <sold-products>
      <product>
        <name>Echinacea Quartz Gum Support</name>
        <prise>57008.00</prise>
      </product>
      <product>
        <name>Protonix</name>
        <prise>4667.00</prise>
      </product>
      <product>
        <name>Enchanted Moments Mistletoe Kisses Hand Sanitizer</name>
        <prise>38499.00</prise>
      </product>
      <product>
        <name>smart sense nicotine</name>
        <prise>144412.00</prise>
      </product>
      <product>
        <name>Finasteride</name>
        <prise>137401.00</prise>
      </product>
      <product>
        <name>Burn Jel</name>
        <prise>20957.00</prise>
      </product>
    </sold-products>
  </user>
  <user first-name="Ann" last-name="Stevens">
    <sold-products>
      <product>
        <name>Effervescent Cold Relief</name>
        <prise>143607.00</prise>
      </product>
      <product>
        <name>Foaming Hand Sanitizer</name>
        <prise>62472.00</prise>
      </product>
      <product>
        <name>Clarins Paris Skin Illusion - 114 cappuccino</name>
        <prise>81142.00</prise>
      </product>
      <product>
        <name>DIVALPROEX SODIUM</name>
        <prise>128703.00</prise>
      </product>
    </sold-products>
  </user>
  <user first-name="Gary" last-name="Stevens">
    <sold-products>
      <product>
        <name>ERYTHROMYCIN Base Filmtab</name>
        <prise>11784.00</prise>
      </product>
      <product>
        <name>ENALAPRIL MALEATE</name>
        <prise>21042.00</prise>
      </product>
    </sold-products>
  </user>
  <user first-name="Eugene" last-name="Stewart">
    <sold-products>
      <product>
        <name>Stila Hydrating Primer Oil-Free SPF 30</name>
        <prise>17928.00</prise>
      </product>
      <product>
        <name>PCA SKIN ACNE</name>
        <prise>135622.00</prise>
      </product>
    </sold-products>
  </user>
  <user first-name="Betty" last-name="Ward">
    <sold-products>
      <product>
        <name>Childrens Allegra Allergy</name>
        <prise>65097.00</prise>
      </product>
      <product>
        <name>Allergena</name>
        <prise>10932.00</prise>
      </product>
    </sold-products>
  </user>
  <user first-name="Marie" last-name="Williamson">
    <sold-products>
      <product>
        <name>PRIMAXIN</name>
        <prise>68666.00</prise>
      </product>
    </sold-products>
  </user>
  <user first-name="Jeremy" last-name="Woods">
    <sold-products>
      <product>
        <name>Allopurinol</name>
        <prise>488.00</prise>
      </product>
      <product>
        <name>olio activ mouthwash</name>
        <prise>20606.00</prise>
      </product>
      <product>
        <name>Naproxen</name>
        <prise>80722.00</prise>
      </product>
    </sold-products>
  </user>
</users>