[
  {
    "firstname": null,
    "lastname": "Baker",
    "soldProducts": [
      {
        "name": "ESIKA",
        "price": 879.37,
        "buyerFirstName": "Patricia",
        "buyerLastName": "Fuller"
      }
    ]
  },
  {
    "firstname": null,
    "lastname": "Fox",
    "soldProducts": [
      {
        "name": "Prednisone",
        "price": 1285.99,
        "buyerFirstName": "Clarence",
        "buyerLastName": "Fowler"
      },
      {
        "name": "IOPE RETIGEN MOISTURE TWIN CAKE NO.21",
        "price": 1257.71,
        "buyerFirstName": "Gloria",
        "buyerLastName": "Alexander"
      },
      {
        "name": "Carbon Dioxide Oxygen Mixture",
        "price": 95.49,
        "buyerFirstName": "Jennifer",
        "buyerLastName": "Riley"
      },
      {
        "name": "No7 Protect and Perfect Foundation Sunscreen Broad Spectrum SPF 15 Cool Ivory",
        "price": 616.19,
        "buyerFirstName": "Jonathan",
        "buyerLastName": "Rodriguez"
      },
      {
        "name": "LANEIGE MYSTIC VEIL FOUNDATION",
        "price": 20.86,
        "buyerFirstName": "Anna",
        "buyerLastName": "Clark"
      }
    ]
  },
  {
    "firstname": "Brandon",
    "lastname": "Fuller",
    "soldProducts": [
      {
        "name": "Ringers",
        "price": 1054.37,
        "buyerFirstName": "Patricia",
        "buyerLastName": "Cooper"
      }
    ]
  },
  {
    "firstname": "Christine",
    "lastname": "Gomez",
    "soldProducts": [
      {
        "name": "AMARANTHUS PALMERI POLLEN",
        "price": 623.16,
        "buyerFirstName": "Fred",
        "buyerLastName": "Allen"
      }
    ]
  },
  {
    "firstname": "Wanda",
    "lastname": "Harris",
    "soldProducts": [
      {
        "name": "Triamterene and Hydrochlorothiazide",
        "price": 1416.59,
        "buyerFirstName": "Benjamin",
        "buyerLastName": "Henry"
      },
      {
        "name": "Aspergillus repens",
        "price": 1231.42,
        "buyerFirstName": "Chris",
        "buyerLastName": "Mitchell"
      },
      {
        "name": "Agaricus Equisetum Special Order",
        "price": 585.93,
        "buyerFirstName": "Chris",
        "buyerLastName": "Mitchell"
      }
    ]
  },
  {
    "firstname": null,
    "lastname": "Harrison",
    "soldProducts": [
      {
        "name": "DIPYRIDAMOLE",
        "price": 1150.67,
        "buyerFirstName": "Patrick",
        "buyerLastName": "King"
      },
      {
        "name": "Clearskin",
        "price": 968.59,
        "buyerFirstName": "Anna",
        "buyerLastName": "Clark"
      },
      {
        "name": "Oxygen",
        "price": 1242.92,
        "buyerFirstName": "Patrick",
        "buyerLastName": "King"
      }
    ]
  },
  {
    "firstname": "Paula",
    "lastname": "Hill",
    "soldProducts": [
      {
        "name": "Pollens - Weeds and Garden Plants, Nettle Urtica dioica",
        "price": 782.77,
        "buyerFirstName": "Jeremy",
        "buyerLastName": "Woods"
      },
      {
        "name": "Smooth texture Orange flavor",
        "price": 976.65,
        "buyerFirstName": "Christina",
        "buyerLastName": "Patterson"
      }
    ]
  },
  {
    "firstname": "Brenda",
    "lastname": "Howell",
    "soldProducts": [
      {
        "name": "Topex",
        "price": 1258.49,
        "buyerFirstName": "Kathy",
        "buyerLastName": "Gilbert"
      }
    ]
  },
  {
    "firstname": "Rachel",
    "lastname": "Johnson",
    "soldProducts": [
      {
        "name": "Alcohol Free Antiseptic",
        "price": 1486.07,
        "buyerFirstName": "Gloria",
        "buyerLastName": "Alexander"
      },
      {
        "name": "Metformin Hydrochloride",
        "price": 953.99,
        "buyerFirstName": "Fred",
        "buyerLastName": "Barnes"
      }
    ]
  },
  {
    "firstname": "Patrick",
    "lastname": "King",
    "soldProducts": [
      {
        "name": "Warfarin Sodium",
        "price": 138.83,
        "buyerFirstName": "Jonathan",
        "buyerLastName": "Rodriguez"
      },
      {
        "name": "Meloxicam",
        "price": 809.18,
        "buyerFirstName": "Kathy",
        "buyerLastName": "Gilbert"
      },
      {
        "name": "Acetaminophen, Chlorpheniramine Maleate, Dextromethorphan Hydrobromide, Phenylephrine Hydrochloride",
        "price": 1028.27,
        "buyerFirstName": "Sarah",
        "buyerLastName": "Day"
      }
    ]
  },
  {
    "firstname": "Chris",
    "lastname": "Mitchell",
    "soldProducts": [
      {
        "name": "Growing Pains",
        "price": 1077.37,
        "buyerFirstName": "Brandon",
        "buyerLastName": "Fuller"
      },
      {
        "name": "Strattera",
        "price": 658.54,
        "buyerFirstName": "Arthur",
        "buyerLastName": "Reynolds"
      },
      {
        "name": "DAYWEAR PLUS MULTI PROTECTION TINTED MOISTURIZER",
        "price": 555.12,
        "buyerFirstName": "Rachel",
        "buyerLastName": "Johnson"
      },
      {
        "name": "Glipizide and Metformin Hydrochloride",
        "price": 953.60,
        "buyerFirstName": "Jonathan",
        "buyerLastName": "Rodriguez"
      }
    ]
  },
  {
    "firstname": null,
    "lastname": "Moreno",
    "soldProducts": [
      {
        "name": "Glyburide",
        "price": 95.10,
        "buyerFirstName": "Fred",
        "buyerLastName": "Allen"
      }
    ]
  },
  {
    "firstname": "Anna",
    "lastname": "Parker",
    "soldProducts": [
      {
        "name": "Pioglitazone",
        "price": 306.56,
        "buyerFirstName": "Patricia",
        "buyerLastName": "Cooper"
      }
    ]
  },
  {
    "firstname": "Thomas",
    "lastname": "Snyder",
    "soldProducts": [
      {
        "name": "ESIKA 3-IN-1 PRO MAKE UP FOUNDATION SPF 20 BASE DE MAQUILLAJE PARA ROSTRO 3-EN-1 PRO FPS 20",
        "price": 1097.60,
        "buyerFirstName": "Sandra",
        "buyerLastName": "Riley"
      }
    ]
  },
  {
    "firstname": "Marie",
    "lastname": "Williamson",
    "soldProducts": [
      {
        "name": "Care One Hemorrhoidal",
        "price": 932.18,
        "buyerFirstName": "Gary",
        "buyerLastName": "Stevens"
      },
      {
        "name": "Naproxen",
        "price": 807.22,
        "buyerFirstName": "Jennifer",
        "buyerLastName": "Riley"
      },
      {
        "name": "Metoprolol Tartrate",
        "price": 1405.74,
        "buyerFirstName": "Billy",
        "buyerLastName": "Parker"
      },
      {
        "name": "Benazepril Hydrochloride and Hydrochlorothiazide",
        "price": 1187.27,
        "buyerFirstName": "Jeremy",
        "buyerLastName": "Woods"
      }
    ]
  }
]