[
  {
    "Name": "Avery Rush",
    "Orders": [
      {
        "Customer": "Stacey",
        "Items": [
          {
            "Name": "Cheeseburger",
            "Price": 6.00,
            "Quantity": 5
          },
          {
            "Name": "Double Cheeseburger",
            "Price": 6.50,
            "Quantity": 3
          },
          {
            "Name": "Luigi",
            "Price": 2.10,
            "Quantity": 5
          },
          {
            "Name": "Bacon Deluxe",
            "Price": 9.00,
            "Quantity": 1
          }
        ],
        "TotalPrice": 69.00
      },
      {
        "Customer": "Pablo",
        "Items": [
          {
            "Name": "Double Cheeseburger",
            "Price": 6.50,
            "Quantity": 3
          },
          {
            "Name": "Bacon Deluxe",
            "Price": 9.00,
            "Quantity": 5
          }
        ],
        "TotalPrice": 64.50
      },
      {
        "Customer": "Joann",
        "Items": [
          {
            "Name": "Minion",
            "Price": 2.20,
            "Quantity": 2
          },
          {
            "Name": "Bacon Deluxe",
            "Price": 9.00,
            "Quantity": 1
          }
        ],
        "TotalPrice": 13.40
      }
    ],
    "TotalMade": 146.90
  }
]